sha256	path
B06A7283B882DB61CA387DEDA67C39E3A266778BCE27788817A242F422E02169	app\__init__.py
14FE5D4CDBA1AC95203B2EC6A9FCAA59161457D1B07B35FDEEDB5D38780B3897	app\api.py
741E5B63F34CDCF53A39352A2CD9CE2C58ADF5080B5CACF3F9D7DCE739FF370E	app\appeal_router.py
0A92EB3CAFC07C91C0EE8C83E0FE968100051F68CF1825EFF521328E7A2B4CCF	app\dashboard.py
122859BDD2C5C1EFDA6EAB89663C172E03792A527D44D51800A8BD8D5C8DF90D	app\generator_835.py
0180C5D560B2B867AB854B3EB9E03BA93A56C1E119790DB700798CE16A0179B4	app\ingestion.py
0E3C442BCC7D0A6AD7D5E5BB73068F9B4159ED290B423E24E6FCF31AE60C9055	app\models.py
F72725953406CA1770D0A42AE1E0D683C9868214C1189488EC5722C61704D2C2	app\orchestrator.py
8F198D73AD86B6B811CF0E88AEE3AC4E7035AF4FF97B9BA807FCB6AAEAA0706B	app\registry.py
5D06A4A9A20EA02ECB2A9AE8ECACD13EAEAAAA7411F76E8FFBCA7C6070531214	app\rules_engine_adapter.py
B75AC484F66BB623226744857B0A0F3A942A30BF289A0C62ADD80D7654DA7D59	app\rules_engine_fallback.py
7E6E90408A66CC404AFC0B15BD413838E1583B8587F2D9E7985D918C1A9A520E	app\shared_context.py
0D7A8DFF70BB17C15CAECFE837807FA9527CCE974EFAE2EB7D8F7C011C8C950F	app\stubs.py
FE548AC59AC1058689C38EF6038F1D91C10D7297AC7631F1847F31D3F7F604B1	ARCHITECTURE.md
A20F171D4DA47404F870687B2F0AF7D1522705641A6B1639FE3668659EFC7399	BUILD_REPORT.md
F359467FD0CB09CE28E364A38A404A0F209FA7416B0550CD9C4A7309D45BF322	contracts\foundry.toml
33F151FCF243C50643406E261324738DE2BC440EF9DEC1590CCE74DF395092B3	contracts\src\ClaimsRegistry.sol
985C85C44720464E9DEE9AB2FABD46666619E0C0035778A6491F02D386B9E3C9	contracts\src\GovernanceRegistry.sol
1815F5414EDEDA9404927805C7974E16D1D38B919DF317F7450BDF86B7267E1D	contracts\src\IBridge.sol
A0A2F80FC829F8D90E2063B8947F242C1B19F2EE29AFC68EA5449B26324E2A81	contracts\src\IVerifier.sol
5D909C392E90B9E2B53904FE33B22B54F7C77186DBE32149E719E126672C3322	contracts\src\PaymentTrigger.sol
C6D1B10974B25F1D0415FE3B5C803D4556B8E2DF5BAE23750349A0082C5515E7	contracts\src\StubVerifier.sol
21130555CB04149ACF92119FE7140DAFF70C2FCD3B5BC5D751B77DDBC82F7CDF	contracts\test\ClaimsRegistry.t.sol
A8DB4DF9EE45A04ED8949B32AE53EE8F1731254B29F9AB5F3827F97F981168DF	dashboard\index.html
D92F72266069906E09D2176E8C77424B30511A45164F502B2CAD681C75982565	demo_output\adjudication_result.json
AAF46213AEBDC7B884615723035C29CBE41C90F035CF816E09DAA3584F78AAD9	demo_output\claims_registry.json
CF73A3CA9C3FCCE4F5E6734D7805E2C87E6DBDCD188184C5B81C6B42489D39B2	demo_output\dashboard_state.json
213CE44F047A8E5045096EA5D7958CE1F92F5F4F8AE02D4F89E14DDA80815D10	demo_output\demo_result.json
BABD4BCABD6BE1732B8B15CAF86217922B686761B88D1C19F71DFE5334B4AAC7	demo_output\proof_bundle_stub.json
07BB6D833B4FC589507593A4190F9BF18E7C5FBBCB19DDA1E140F10C91F14FEC	demo_output\remittance_835.edi
76EF2F049DB4B589E6D6C44BDF46352537AA706FDC5C02945ADE38D3360E431D	demo_output\shared_context.json
0B074CD9277E7C00C06B9B3A2565C96BC3D1A9BA5DC741C88FA354B9DA8617B5	README.md
914FEAFDE746AB1E1F81698BBED2BDCE7C5C288495C5B15F8D39F1138E77E1A0	requirements.txt
F689AF3ACF78BC720D738A32A77C4FDF7A761CD9674A6145F95941F88C1D54EA	rules-engine-rust\Cargo.toml
158D99A53F76546A35CEFD609F145F55BAD5EBD38CD0843A4D054E8FCB3AC734	rules-engine-rust\src\lib.rs
95F3EA96F991BE346C32C87D958C2807DD6726C29909E967EA51AB07E71AF1C1	rules-engine-rust\src\main.rs
5AAD34947EECBA68A5FBDF115E39C2F4BE6DD151659C56CC00879C73B09B2989	rules-engine-rust\tests\gates.rs
7CB819F8DB69DD2F4F8D37D0AA19A7A38C3819950456C59D3C0E72CAA37E5891	sample_claim_input.json
B424073B7A602DBAE38DC203CB4E7F738F86D4B598892FA3B14176A8CD2633AB	tests\test_pipeline.py
